build_id,as_of_date,category_name,units,orders,customers,merchandise_gmv_brl,avg_item_value_brl,avg_review_score,coverage_status
4877d616-bad1-48d6-bffb-17005001d164,2018-10-17,stationery,2466,2264,2250,223788.69,90.74967153284672,4.245818033455732,PUBLISHABLE
4877d616-bad1-48d6-bffb-17005001d164,2018-10-17,garden_tools,4268,3448,3420,470495.28,110.23788191190253,4.084316037735849,PUBLISHABLE
4877d616-bad1-48d6-bffb-17005001d164,2018-10-17,bed_bath_table,10953,9272,9008,1023434.76,93.43876198301835,3.923968239313083,PUBLISHABLE
4877d616-bad1-48d6-bffb-17005001d164,2018-10-17,cool_stuff,3718,3559,3543,610204.1,164.1215976331361,4.194903767958796,PUBLISHABLE
4877d616-bad1-48d6-bffb-17005001d164,2018-10-17,watches_gifts,5859,5495,5421,1166176.98,199.04027649769586,4.071711092003439,PUBLISHABLE
4877d616-bad1-48d6-bffb-17005001d164,2018-10-17,sports_leisure,8431,7530,7341,954852.55,113.25495789348831,4.165492957746479,PUBLISHABLE
4877d616-bad1-48d6-bffb-17005001d164,2018-10-17,books_general_interest,537,496,490,45302.15,84.36154562383612,4.512195121951219,PUBLISHABLE
4877d616-bad1-48d6-bffb-17005001d164,2018-10-17,food,499,441,436,28731.15,57.577454909819636,4.262833675564682,PUBLISHABLE
4877d616-bad1-48d6-bffb-17005001d164,2018-10-17,home_appliances,754,747,688,78832.48,104.55236074270557,4.222148246782068,PUBLISHABLE
4877d616-bad1-48d6-bffb-17005001d164,2018-10-17,kitchen_dining_laundry_garden_furniture,274,241,241,45531.98,166.1751094890511,4.033088235294118,PUBLISHABLE
4877d616-bad1-48d6-bffb-17005001d164,2018-10-17,fashion_shoes,257,235,234,23001.46,89.49984435797666,4.290513833992095,PUBLISHABLE
4877d616-bad1-48d6-bffb-17005001d164,2018-10-17,home_appliances_2,231,227,222,107953.95,467.3331168831169,4.156521739130435,PUBLISHABLE
4877d616-bad1-48d6-bffb-17005001d164,2018-10-17,cine_photo,70,63,63,6674.47,95.34957142857142,4.285714285714286,PUBLISHABLE
4877d616-bad1-48d6-bffb-17005001d164,2018-10-17,flowers,33,29,29,1110.04,33.63757575757576,4.419354838709677,SUPPRESSED
4877d616-bad1-48d6-bffb-17005001d164,2018-10-17,costruction_tools_tools,103,97,97,15903.95,154.40728155339806,4.444444444444445,PUBLISHABLE
4877d616-bad1-48d6-bffb-17005001d164,2018-10-17,diapers_and_hygiene,37,25,24,1500.79,40.56189189189189,3.3783783783783785,SUPPRESSED
4877d616-bad1-48d6-bffb-17005001d164,2018-10-17,music,38,38,38,6034.35,158.79868421052632,4.2105263157894735,PUBLISHABLE
4877d616-bad1-48d6-bffb-17005001d164,2018-10-17,housewares,6795,5743,5681,615628.69,90.60024871228845,4.107904085257549,PUBLISHABLE
4877d616-bad1-48d6-bffb-17005001d164,2018-10-17,auto,4140,3810,3769,578966.65,139.84701690821257,4.116003903391071,PUBLISHABLE
4877d616-bad1-48d6-bffb-17005001d164,2018-10-17,telephony,4430,4093,4047,309860.23,69.94587584650112,3.9943233424159854,PUBLISHABLE
4877d616-bad1-48d6-bffb-17005001d164,2018-10-17,small_appliances,658,609,606,182754.12,277.7418237082067,4.225114854517611,PUBLISHABLE
4877d616-bad1-48d6-bffb-17005001d164,2018-10-17,unknown,1559,1412,1406,175967.21,112.8718473380372,3.932449903038138,PUBLISHABLE
4877d616-bad1-48d6-bffb-17005001d164,2018-10-17,pet_shop,1924,1688,1667,211695.64,110.02891891891892,4.216710182767624,PUBLISHABLE
4877d616-bad1-48d6-bffb-17005001d164,2018-10-17,agro_industry_and_commerce,206,177,176,70566.1,342.5538834951456,4.087378640776699,PUBLISHABLE
4877d616-bad1-48d6-bffb-17005001d164,2018-10-17,party_supplies,42,38,38,4465.19,106.31404761904761,3.8333333333333335,PUBLISHABLE
4877d616-bad1-48d6-bffb-17005001d164,2018-10-17,home_confort,429,392,391,58008.45,135.21783216783217,3.8548009367681497,PUBLISHABLE
4877d616-bad1-48d6-bffb-17005001d164,2018-10-17,consoles_games,1089,1018,1014,148003.37,135.90759412304868,4.13855421686747,PUBLISHABLE
4877d616-bad1-48d6-bffb-17005001d164,2018-10-17,construction_tools_safety,183,159,158,38773.22,211.87551912568307,3.967032967032967,PUBLISHABLE
4877d616-bad1-48d6-bffb-17005001d164,2018-10-17,fixed_telephony,255,212,212,55315.21,216.92239215686274,3.757936507936508,PUBLISHABLE
4877d616-bad1-48d6-bffb-17005001d164,2018-10-17,drinks,361,287,282,21529.84,59.6394459833795,4.119113573407202,PUBLISHABLE
4877d616-bad1-48d6-bffb-17005001d164,2018-10-17,home_construction,596,483,483,81407.57,136.58988255033557,3.95777027027027,PUBLISHABLE
4877d616-bad1-48d6-bffb-17005001d164,2018-10-17,furniture_living_room,495,414,407,67350.7,136.0620202020202,3.9346938775510205,PUBLISHABLE
4877d616-bad1-48d6-bffb-17005001d164,2018-10-17,fashion_sport,29,26,26,2094.52,72.2248275862069,4.344827586206897,SUPPRESSED
4877d616-bad1-48d6-bffb-17005001d164,2018-10-17,small_appliances_home_oven_and_coffee,73,72,72,46589.56,638.2131506849315,4.438356164383562,PUBLISHABLE
4877d616-bad1-48d6-bffb-17005001d164,2018-10-17,dvds_blu_ray,61,56,55,4542.59,74.46868852459016,4.180327868852459,PUBLISHABLE
4877d616-bad1-48d6-bffb-17005001d164,2018-10-17,furniture_mattress_and_upholstery,37,37,37,4323.38,116.84810810810811,3.891891891891892,PUBLISHABLE
4877d616-bad1-48d6-bffb-17005001d164,2018-10-17,fashio_female_clothing,45,36,36,2634.94,58.55422222222222,3.933333333333333,PUBLISHABLE
4877d616-bad1-48d6-bffb-17005001d164,2018-10-17,arts_and_craftmanship,24,23,21,1814.01,75.58375,4.125,SUPPRESSED
4877d616-bad1-48d6-bffb-17005001d164,2018-10-17,fashion_childrens_clothes,7,7,7,519.95,74.27857142857142,5.0,SUPPRESSED
4877d616-bad1-48d6-bffb-17005001d164,2018-10-17,security_and_services,2,2,2,283.29,141.645,2.5,SUPPRESSED
4877d616-bad1-48d6-bffb-17005001d164,2018-10-17,computers_accessories,7644,6530,6405,888724.61,116.26433935112506,3.986461619348055,PUBLISHABLE
4877d616-bad1-48d6-bffb-17005001d164,2018-10-17,toys,4030,3804,3763,471286.48,116.94453598014888,4.208927231807952,PUBLISHABLE
4877d616-bad1-48d6-bffb-17005001d164,2018-10-17,construction_tools_construction,916,736,732,142108.49,155.14027292576418,4.090010976948409,PUBLISHABLE
4877d616-bad1-48d6-bffb-17005001d164,2018-10-17,luggage_accessories,1077,1019,1013,138701.63,128.78517177344474,4.352283317800559,PUBLISHABLE
4877d616-bad1-48d6-bffb-17005001d164,2018-10-17,books_technical,263,256,255,18702.23,71.11114068441064,4.3893129770992365,PUBLISHABLE
4877d616-bad1-48d6-bffb-17005001d164,2018-10-17,market_place,305,274,273,27795.77,91.13367213114753,4.072607260726072,PUBLISHABLE
4877d616-bad1-48d6-bffb-17005001d164,2018-10-17,industry_commerce_and_business,265,232,230,38498.81,145.27852830188678,4.125954198473282,PUBLISHABLE
4877d616-bad1-48d6-bffb-17005001d164,2018-10-17,furniture_bedroom,103,90,86,19051.8,184.96893203883496,4.252427184466019,PUBLISHABLE
4877d616-bad1-48d6-bffb-17005001d164,2018-10-17,art,197,195,195,23657.3,120.08781725888325,4.082051282051282,PUBLISHABLE
4877d616-bad1-48d6-bffb-17005001d164,2018-10-17,fashion_male_clothing,125,106,104,10452.33,83.61864,3.7580645161290325,PUBLISHABLE
4877d616-bad1-48d6-bffb-17005001d164,2018-10-17,food_drink,269,221,219,14942.88,55.549739776951675,4.366171003717472,PUBLISHABLE
4877d616-bad1-48d6-bffb-17005001d164,2018-10-17,tablets_printing_image,83,79,79,7528.41,90.70373493975903,4.1234567901234565,PUBLISHABLE
4877d616-bad1-48d6-bffb-17005001d164,2018-10-17,la_cuisine,14,13,13,2054.99,146.785,4.0,SUPPRESSED
4877d616-bad1-48d6-bffb-17005001d164,2018-10-17,home_comfort_2,30,24,23,760.27,25.342333333333332,3.6296296296296298,SUPPRESSED
4877d616-bad1-48d6-bffb-17005001d164,2018-10-17,signaling_and_security,197,138,137,21315.05,108.19822335025381,4.091836734693878,PUBLISHABLE
4877d616-bad1-48d6-bffb-17005001d164,2018-10-17,books_imported,57,50,49,4418.86,77.52385964912281,4.508771929824562,PUBLISHABLE
4877d616-bad1-48d6-bffb-17005001d164,2018-10-17,perfumery,3340,3086,3050,390144.65,116.80977544910179,4.219735656353259,PUBLISHABLE
4877d616-bad1-48d6-bffb-17005001d164,2018-10-17,furniture_decor,8160,6307,6178,711927.69,87.24604044117648,3.9537747524752476,PUBLISHABLE
4877d616-bad1-48d6-bffb-17005001d164,2018-10-17,office_furniture,1668,1254,1245,268154.31,160.7639748201439,3.5133010882708584,PUBLISHABLE
4877d616-bad1-48d6-bffb-17005001d164,2018-10-17,health_beauty,9465,8647,8498,1233131.72,130.28333016376124,4.189729135644899,PUBLISHABLE
4877d616-bad1-48d6-bffb-17005001d164,2018-10-17,electronics,2729,2517,2507,155043.93,56.81345914254305,4.067158671586716,PUBLISHABLE
4877d616-bad1-48d6-bffb-17005001d164,2018-10-17,baby,2982,2809,2783,400421.84,134.27962441314554,4.0782358905035485,PUBLISHABLE
4877d616-bad1-48d6-bffb-17005001d164,2018-10-17,air_conditioning,289,246,244,53323.56,184.5105882352941,4.052816901408451,PUBLISHABLE
4877d616-bad1-48d6-bffb-17005001d164,2018-10-17,fashion_underwear_beach,127,117,117,9305.95,73.2751968503937,4.0476190476190474,PUBLISHABLE
4877d616-bad1-48d6-bffb-17005001d164,2018-10-17,fashion_bags_accessories,1985,1820,1757,149329.39,75.22891183879094,4.1936708860759495,PUBLISHABLE
4877d616-bad1-48d6-bffb-17005001d164,2018-10-17,musical_instruments,651,611,607,184315.74,283.12709677419355,4.221705426356589,PUBLISHABLE
4877d616-bad1-48d6-bffb-17005001d164,2018-10-17,construction_tools_lights,301,242,242,39957.0,132.74750830564784,4.082191780821918,PUBLISHABLE
4877d616-bad1-48d6-bffb-17005001d164,2018-10-17,costruction_tools_garden,232,190,187,25096.28,108.17362068965517,4.116379310344827,PUBLISHABLE
4877d616-bad1-48d6-bffb-17005001d164,2018-10-17,cds_dvds_musicals,14,12,12,730.0,52.142857142857146,4.642857142857143,SUPPRESSED
4877d616-bad1-48d6-bffb-17005001d164,2018-10-17,audio,362,348,347,50570.6,139.69779005524862,3.8365921787709496,PUBLISHABLE
4877d616-bad1-48d6-bffb-17005001d164,2018-10-17,christmas_supplies,150,125,125,8737.84,58.252266666666664,4.06993006993007,PUBLISHABLE
4877d616-bad1-48d6-bffb-17005001d164,2018-10-17,computers,199,177,176,218684.14,1098.9152763819095,4.219387755102041,PUBLISHABLE
